Score (0-100),Zona,Tipo,Precio USD,Superficie m2,USD/m2,Red de Gas,Cochera,2+ Baños,Seguridad/Privado,Último Piso,Potencial Negociación,Título,Link Publicación,Pros Detectados,Observaciones
91.5,Mendoza,Departamento,89999.0,110.0,818.2,No/Duda,Sí,Sí,Sí,No,Estándar,Departamento en Microcentro en Venta – 3 Dormitorios / 2 Baños / Cochera/ Amoblado,https://www.inmoclick.com.ar/17515-remax-solutions/inmuebles/20134/ficha/departamento-en-venta-en-corrientes-100,"Dentro del presupuesto (USD 89,999) | 🛡️ Cuenta con seguridad 24 hs / barrio privado | 🚗 Cuenta con cochera | 🛗 Edificio con ascensor",Consultar conexión a red de gas natural
63.3,Godoy Cruz,Departamento,94000.0,109.0,862.4,Sí,Sí,Sí,No,No,Estándar,"ADOBE INMOBILIARIA VENDE EXCELENTE DÚPLEX EN CALLE TOMBA, GODOY CRUZ",https://www.inmoclick.com.ar/276954-adobe-inmobiliaria-y-desarrollos/inmuebles/318/ficha/departamento-en-venta-en-tomba-35,"Dentro del presupuesto (USD 94,000) | 🔥 Red de gas natural confirmada | 🚗 Cuenta con cochera | 🛗 Edificio con ascensor",⚠️ Sin seguridad 24 hs ni barrio privado (penalizado en puntaje)
60.9,Godoy Cruz,Departamento,98000.0,80.0,1225.0,Sí,Sí,Sí,No,No,Alta,"Coldwell Banker ImpactoPro ofrece en venta departamento en planta baja con patio y cochera en Godoy Cruz,",https://www.inmoclick.com.ar/288316-coldwell-banker-impacto-pro/inmuebles/43/ficha/departamento-en-venta-en-gutierrez-598,"Dentro del presupuesto (USD 98,000) | 🔥 Red de gas natural confirmada | 🚗 Cuenta con cochera | 🛗 Edificio con ascensor",⚠️ Sin seguridad 24 hs ni barrio privado (penalizado en puntaje)
56.2,Mendoza,Departamento,63000.0,136.0,463.2,No/Duda,Sí,Sí,No,No,Estándar,OPORTUNIDAD EN PLENO CENTRO,https://www.inmoclick.com.ar/133635-di-luca-propiedades/inmuebles/102/ficha/departamento-en-venta-en-buenos-aires-n0-258-ciudad,"Dentro del presupuesto (USD 63,000) | 🚗 Cuenta con cochera | 🛗 Edificio con ascensor",⚠️ Sin seguridad 24 hs ni barrio privado (penalizado en puntaje) | Consultar conexión a red de gas natural
55.3,Godoy Cruz,Departamento,95000.0,109.0,871.6,No/Duda,Sí,Sí,No,No,Estándar,VENTA DEPARTAMENTO – GODOY CRUZ,https://www.inmoclick.com.ar/268429-re-max-vendimia/inmuebles/1974/ficha/departamento-en-venta-en-avenida-san-martin-100,"Dentro del presupuesto (USD 95,000) | 🚗 Cuenta con cochera | 🛗 Edificio con ascensor",⚠️ Sin seguridad 24 hs ni barrio privado (penalizado en puntaje) | Consultar conexión a red de gas natural
52.2,Godoy Cruz,Departamento,90000.0,100.0,900.0,No/Duda,Sí,Sí,No,No,Estándar,ADOBE INMOBILIARIA VENDE  DÚPLEX EN GODOY CRUZ,https://www.inmoclick.com.ar/276954-adobe-inmobiliaria-y-desarrollos/inmuebles/403/ficha/departamento-en-venta-en-perito-moreno-al-500,"Dentro del presupuesto (USD 90,000) | 🚗 Cuenta con cochera",⚠️ Sin seguridad 24 hs ni barrio privado (penalizado en puntaje) | Consultar conexión a red de gas natural
51.6,Mendoza,Casa,120000.0,154.0,779.2,No/Duda,Sí,Sí,No,No,Estándar,OFRECE EN VENTA,https://www.inmoclick.com.ar/17515-remax-solutions/inmuebles/18739/ficha/casa-en-venta-en-montevideo-700,"Dentro del presupuesto (USD 120,000) | 🚗 Cuenta con cochera",⚠️ Sin seguridad 24 hs ni barrio privado (penalizado en puntaje) | Consultar conexión a red de gas natural
50.8,Mendoza,Departamento,68000.0,75.0,906.7,Sí,Sí,Sí,No,No,Estándar,DRUMMOND NEGOCIOS INMOBILIARIOS VENDE,https://www.inmoclick.com.ar/124071-drummond-negocios-inmobiliarios/inmuebles/43/ficha/departamento-en-venta-en-espana-y-gutierrez,"Dentro del presupuesto (USD 68,000) | 🔥 Red de gas natural confirmada | 🚗 Cuenta con cochera",⚠️ Sin seguridad 24 hs ni barrio privado (penalizado en puntaje)
48.1,Mendoza,Departamento,63000.0,112.0,562.5,No/Duda,Sí,Sí,No,No,Estándar,Oportunidad de inversión!,https://www.inmoclick.com.ar/259304-bcg-desarrollos-inmobiliarios/inmuebles/28/ficha/departamento-en-venta-en-pte-derqui-243,"Dentro del presupuesto (USD 63,000) | 🚗 Cuenta con cochera",⚠️ Sin seguridad 24 hs ni barrio privado (penalizado en puntaje) | Consultar conexión a red de gas natural
48.1,Godoy Cruz,Departamento,75000.0,75.0,1000.0,No/Duda,Sí,Sí,No,No,Estándar,TRE INMOBILIARIA VENDE DEPARTAMENTO ubicado en Torres San Vicente sobre calle San Martín Sur 499 frente calle Leguizamón - Godoy Cruz - Mendoza.,https://www.inmoclick.com.ar/12572-tre-inmobiliaria/inmuebles/754/ficha/departamento-en-venta-en-torres-san-vicente-godoy-cruz-mendoza,"Dentro del presupuesto (USD 75,000) | 🚗 Cuenta con cochera",⚠️ Sin seguridad 24 hs ni barrio privado (penalizado en puntaje) | Consultar conexión a red de gas natural
47.7,Godoy Cruz,Departamento,86000.0,70.0,1228.6,No/Duda,Sí,Sí,No,No,Estándar,"Oportunidad! Venta Departamento Godoy Cruz - 2 dormitorios, con cochera subterránea y ascensor",https://www.inmoclick.com.ar/268429-re-max-vendimia/inmuebles/1981/ficha/departamento-en-venta-en-belgrano-200,"Dentro del presupuesto (USD 86,000) | 🚗 Cuenta con cochera | 🛗 Edificio con ascensor",⚠️ Sin seguridad 24 hs ni barrio privado (penalizado en puntaje) | Consultar conexión a red de gas natural
46.6,Godoy Cruz,Departamento,90000.0,96.0,937.5,No/Duda,Sí,Sí,No,No,Estándar,Departamento en Venta en Godoy Cruz,https://www.inmoclick.com.ar/259304-bcg-desarrollos-inmobiliarios/inmuebles/22/ficha/departamento-en-venta-en-san-martin-1338,"Dentro del presupuesto (USD 90,000) | 🚗 Cuenta con cochera",⚠️ Sin seguridad 24 hs ni barrio privado (penalizado en puntaje) | Consultar conexión a red de gas natural
43.4,Mendoza,Departamento,95000.0,77.0,1233.8,No/Duda,Sí,Sí,No,No,Estándar,"Departamento ubicado en una zona estratégica, a poca distancia de Plaza Independencia: una propuesta ideal para quienes buscan comodidad y funcionalidad en el centro. Se trata de un 1° piso frontal que ofrece ambientes bien distribuidos y posibilidades para adaptarlo según tus necesidades.",https://www.inmoclick.com.ar/11968-inmobiliaria-miguel-angel-juan-pablo-simon/inmuebles/51/ficha/departamento-en-venta-en-gutierrez-434,"Dentro del presupuesto (USD 95,000) | 🚗 Cuenta con cochera",⚠️ Sin seguridad 24 hs ni barrio privado (penalizado en puntaje) | Consultar conexión a red de gas natural
41.4,Godoy Cruz,Departamento,85000.0,94.0,904.3,No/Duda,No,Sí,No,No,Estándar,Venta departamento en Godoy Cruz planta baja apto crédito 3 dormitorios reciclado,https://www.inmoclick.com.ar/17515-remax-solutions/inmuebles/19508/ficha/departamento-en-venta-en-salta-400,"Dentro del presupuesto (USD 85,000)",⚠️ Sin seguridad 24 hs ni barrio privado (penalizado en puntaje) | Consultar conexión a red de gas natural
39.9,Mendoza,Departamento,70000.0,70.0,1000.0,No/Duda,Sí,Sí,No,No,Estándar,Venta de Departamento – Cuarta Sección Oeste,https://www.inmoclick.com.ar/3076-ente-inmobiliaria/inmuebles/3329/ficha/departamento-en-venta-en-fray-inalican-363,"Dentro del presupuesto (USD 70,000) | 🚗 Cuenta con cochera",⚠️ Sin seguridad 24 hs ni barrio privado (penalizado en puntaje) | Consultar conexión a red de gas natural
39.8,Mendoza,Departamento,140000.0,75.0,1866.7,No/Duda,Sí,Sí,No,No,Estándar,Departamento en Venta – Mendoza Capital,https://www.inmoclick.com.ar/276253-sere-inmobiliaria/inmuebles/136/ficha/departamento-en-venta-en-peatonal-y-9-de-julio,"Dentro del presupuesto (USD 140,000) | 🚗 Cuenta con cochera",⚠️ Sin seguridad 24 hs ni barrio privado (penalizado en puntaje) | Consultar conexión a red de gas natural
39.8,Mendoza,Departamento,130000.0,74.0,1756.8,No/Duda,Sí,Sí,No,No,Estándar,TRE INMOBILIARIA VENDE DEPARTAMENTO  ubicado sobre calle Huarpes 2046 - Sexta Sección - Mendoza.,https://www.inmoclick.com.ar/12572-tre-inmobiliaria/inmuebles/844/ficha/departamento-en-venta-en-sexta-seccion-ciudad-mendoza,"Dentro del presupuesto (USD 130,000) | 🚗 Cuenta con cochera",⚠️ Sin seguridad 24 hs ni barrio privado (penalizado en puntaje) | Consultar conexión a red de gas natural
37.3,Mendoza,Departamento,90000.0,137.0,656.9,No/Duda,No,Sí,No,No,Estándar,Venta Excelente Departamento Tipo Casa En Mendoza,https://departamento.mercadolibre.com.ar/MLA-1808643353-venta-excelente-departamento-tipo-casa-en-mendoza-_JM,"Dentro del presupuesto (USD 90,000)",⚠️ Sin seguridad 24 hs ni barrio privado (penalizado en puntaje) | Consultar conexión a red de gas natural
37.2,Godoy Cruz,Departamento,90000.0,66.0,1363.6,No/Duda,Sí,Sí,No,No,Estándar,"En el corazón del Barrio Bombal, se encuentra este hermoso departamento en planta alta por escalera. Con una superficie total de 80 metros cuadrados y 66 metros cubiertos, cuenta con dos dormitorios, el principal con baño en suite zonificado, y un balcón que proporciona excelente ventilación e iluminación natural. La propiedad no posee gas, siendo todo eléctrico, lo que garantiza un ambiente seguro y eficiente.",https://www.inmoclick.com.ar/4201-vanina-rubio/inmuebles/258/ficha/departamento-en-venta-en-roque-saenz-pena-2051,"Dentro del presupuesto (USD 90,000) | 🚗 Cuenta con cochera",⚠️ Sin seguridad 24 hs ni barrio privado (penalizado en puntaje) | Consultar conexión a red de gas natural
36.6,Mendoza,Departamento,98000.0,110.0,890.9,No/Duda,No,Sí,No,No,Estándar,SCAFFIDI PROPIEDADES VENDE,https://www.inmoclick.com.ar/12373-scaffidi-propiedades/inmuebles/269/ficha/departamento-en-venta-en-mitre-565,"Dentro del presupuesto (USD 98,000)",⚠️ Sin seguridad 24 hs ni barrio privado (penalizado en puntaje) | Consultar conexión a red de gas natural
36.6,Godoy Cruz,Departamento,58000.0,100.0,580.0,No/Duda,No,Sí,No,No,Estándar,Duplex En Godoy Cruz,https://departamento.mercadolibre.com.ar/MLA-3846544412-duplex-en-godoy-cruz-_JM,"Dentro del presupuesto (USD 58,000)",⚠️ Sin seguridad 24 hs ni barrio privado (penalizado en puntaje) | Consultar conexión a red de gas natural
36.5,Mendoza,Departamento,90000.0,103.0,873.8,No/Duda,No,Sí,No,No,Estándar,"SOPPELSA INMOBILIARIA VENDE amplio Departamento en ciudad. Calle Gutiérrez y Mitre. Semipiso de doble ingreso, Ubicado en 5to Piso. Posee Living comedor con Balcón. Cocina comedor amplia. Dependencia de servicio con Baño. 3 Dormitorios. Baño principal y Toilette.",https://www.inmoclick.com.ar/12197-soppelsa-inmobiliaria/inmuebles/397/ficha/departamento-en-venta-en-gutierrez-466-5to-piso,"Dentro del presupuesto (USD 90,000)",⚠️ Sin seguridad 24 hs ni barrio privado (penalizado en puntaje) | Consultar conexión a red de gas natural
35.9,Godoy Cruz,Departamento,80000.0,90.0,888.9,No/Duda,No,Sí,No,No,Estándar,Departamento En Venta - Benegas - Godoy Cruz - Mendoza,https://departamento.mercadolibre.com.ar/MLA-3756706742-departamento-en-venta-benegas-godoy-cruz-mendoza-_JM,"Dentro del presupuesto (USD 80,000)",⚠️ Sin seguridad 24 hs ni barrio privado (penalizado en puntaje) | Consultar conexión a red de gas natural
35.7,Guaymallen,Departamento,55000.0,88.0,625.0,No/Duda,No,Sí,No,No,Estándar,Venta De Departamento Planta Alta Coronel Dorrego,https://departamento.mercadolibre.com.ar/MLA-2130172827-venta-de-departamento-planta-alta-coronel-dorrego-_JM,"Dentro del presupuesto (USD 55,000)",⚠️ Sin seguridad 24 hs ni barrio privado (penalizado en puntaje) | Consultar conexión a red de gas natural
35.3,Godoy Cruz,Departamento,99000.0,93.0,1064.5,No/Duda,No,Sí,No,No,Estándar,Venta Amplio Departamento Godoy Cruz  Apto Credito,https://departamento.mercadolibre.com.ar/MLA-3912396714-venta-amplio-departamento-godoy-cruz-apto-credito-_JM,"Dentro del presupuesto (USD 99,000)",⚠️ Sin seguridad 24 hs ni barrio privado (penalizado en puntaje) | Consultar conexión a red de gas natural
35.3,Guaymallen,Departamento,110000.0,100.0,1100.0,No/Duda,No,Sí,No,No,Estándar,Departamento En Coronel Dorrego,https://departamento.mercadolibre.com.ar/MLA-3024664484-departamento-en-coronel-dorrego-_JM,"Dentro del presupuesto (USD 110,000)",⚠️ Sin seguridad 24 hs ni barrio privado (penalizado en puntaje) | Consultar conexión a red de gas natural
34.0,Guaymallen,Departamento,120000.0,90.0,1333.3,No/Duda,No,Sí,No,No,Estándar,Departamento Premium De 2 Dormitorios 2 Baños Y Amenitis. En Dorrego Guaymallen,https://departamento.mercadolibre.com.ar/MLA-2052069609-departamento-premium-de-2-dormitorios-2-banos-y-amenitis-en-dorrego-guaymallen-_JM,"Dentro del presupuesto (USD 120,000)",⚠️ Sin seguridad 24 hs ni barrio privado (penalizado en puntaje) | Consultar conexión a red de gas natural
33.5,Godoy Cruz,Departamento,124900.0,87.0,1435.6,No/Duda,No,Sí,No,No,Estándar,Venta Hermoso Departamento Duplex - Barrio Bombal,https://departamento.mercadolibre.com.ar/MLA-1945076259-venta-hermoso-departamento-duplex-barrio-bombal-_JM,"Dentro del presupuesto (USD 124,900)",⚠️ Sin seguridad 24 hs ni barrio privado (penalizado en puntaje) | Consultar conexión a red de gas natural
33.3,Godoy Cruz,Departamento,128000.0,87.0,1471.3,No/Duda,No,Sí,No,No,Estándar,Venta Duplex En Godoy Cruz,https://departamento.mercadolibre.com.ar/MLA-3914417650-venta-duplex-en-godoy-cruz-_JM,"Dentro del presupuesto (USD 128,000)",⚠️ Sin seguridad 24 hs ni barrio privado (penalizado en puntaje) | Consultar conexión a red de gas natural
31.1,Godoy Cruz,Departamento,63300.0,73.0,867.1,No/Duda,No,Sí,No,No,Estándar,Departamento En Gobernador Benegas,https://departamento.mercadolibre.com.ar/MLA-1713408519-departamento-en-gobernador-benegas-_JM,"Dentro del presupuesto (USD 63,300)",⚠️ Sin seguridad 24 hs ni barrio privado (penalizado en puntaje) | Consultar conexión a red de gas natural
30.2,Godoy Cruz,Departamento,150000.0,74.0,2027.0,No/Duda,Sí,Sí,No,No,Moderada,Venta Departamento Godoy Cruz Con Cochera,https://departamento.mercadolibre.com.ar/MLA-1805521295-venta-departamento-godoy-cruz-con-cochera-_JM,🚗 Cuenta con cochera,"Publicado en USD 150,000 (Requiere contraoferta del 7.1%) | ⚠️ Sin seguridad 24 hs ni barrio privado (penalizado en puntaje) | Consultar conexión a red de gas natural"
30.0,Godoy Cruz,Departamento,86000.0,71.0,1211.3,No/Duda,No,Sí,No,No,Estándar,Venta Departamento Godoy Cruz. Complejo Privado. Dto 11,https://departamento.mercadolibre.com.ar/MLA-1746780419-venta-departamento-godoy-cruz-complejo-privado-dto-11-_JM,"Dentro del presupuesto (USD 86,000)",⚠️ Sin seguridad 24 hs ni barrio privado (penalizado en puntaje) | Consultar conexión a red de gas natural
30.0,Godoy Cruz,Departamento,150000.0,79.0,1898.7,No/Duda,No,Sí,No,No,Moderada,Venta - Departamento Apto Airbnb - Green Wave - Financiacion,https://departamento.mercadolibre.com.ar/MLA-1835271625-venta-departamento-apto-airbnb-green-wave-financiacion-_JM,,"Publicado en USD 150,000 (Requiere contraoferta del 7.1%) | ⚠️ Sin seguridad 24 hs ni barrio privado (penalizado en puntaje) | Consultar conexión a red de gas natural"
